language,timestamp,consent,state,n_projects,skill_cleaning,skill_normalization,skill_outliers,skill_integration,skill_transformation,skill_validation,skill_pipelines,skill_monitoring,skill_libs,skill_split,word_1,word_2,word_3,word_4,word_5,re_experience,imp_precision,imp_completeness,imp_consistency,imp_credibility,imp_currentness,imp_accessibility,imp_compliance,imp_reliability,imp_efficiency,imp_traceability,imp_understandability,imp_availability,imp_recoverability,imp_justification,pri_precision,pri_completeness,pri_consistency,pri_credibility,pri_currentness,pri_accessibility,pri_compliance,pri_reliability,pri_efficiency,pri_traceability,pri_understandability,pri_availability,pri_recoverability,pri_justification,balance_open,incorporation_open,measurement_open,discussion_freq,documentation_open,challenges_open,support_freq,country,region,norm_country,seniority_norm,role_group,gender_norm,age_band,education_norm,versioning_norm,seniority_ordinal,seniority_group
pt,2025-02-14 15:15:25,Aceito participar,CE,2,3,3,3,3,3,3,3,3,3,3,precisão,consistência,completude,relevância,viés,"Sim, foi uma ótima experiência, embora complicada.",4,4,4,4,4,4,4,4,4,4,4,4,4,,4,4,4,4,4,4,4,4,4,4,4,4,4,,"Equilibrar precisão, compreensibilidade e eficiência computacional exige escolhas estratégicas. Para modelos críticos, como risco de crédito, priorizamos interpretabilidade (árvores de decisão). Em visão computacional móvel, sacrificamos um pouco de precisão por eficiência (MobileNet). Já em detecção de fraudes, combinamos regras simples (rápidas e explicáveis) com machine learning sofisticado.","Avaliação inicial durante a coleta e preparação de dados, Monitoramento contínuo durante todo o ciclo de vida do modelo, Conjuntos de testes são aplicados para validar a consistência, completude e precisão dos dados antes de serem usados no treinamento.","Análise de métricas de performance (ex.: precisão, recall), Revisão manual dos resultados",3,"Linguagem estruturada (texto), Ferramentas de Gerenciamento de Projetos (Jira, Trello ou Asana), Documentação Centralizada (Sistemas como Confluence, Google Docs ou Notion)","Inconsistência entre diferentes fontes de dados, Erros introduzidos durante a coleta e processamento",2,Brazil,Northeast,Brazil,Junior (up to 5 years),Data Scientist,male,18-24,Undergraduate,ensures_consistency_traceability,2,Junior (up to 5 years)
pt,2025-02-14 15:46:32,Aceito participar,PE,2,5,5,5,3,4,4,3,3,4,5,fonte,estabilidade,necessário,essencial,determinante,Não ,5,4,5,5,5,5,5,5,5,4,5,5,5,,5,4,5,5,5,5,5,5,5,4,5,5,4,,"A prioridade é na precisão dos dados, seguido de compreensibilidade e eficiência ","Avaliação inicial durante a coleta e preparação de dados, Monitoramento contínuo durante todo o ciclo de vida do modelo","Análise de métricas de performance (ex.: precisão, recall), Revisão manual dos resultados",4,"Linguagem estruturada (texto), Reuniões de Alinhamento, Relatórios Periódicos","Dados incompletos ou ausentes, Dados desatualizados ou não confiáveis, Falta de ferramentas adequadas para validação da qualidade dos dados",2,Brazil,Northeast,Brazil,Junior (up to 5 years),Data Scientist,female,25-34,Doctoral student,ensures_consistency_traceability,2,Junior (up to 5 years)
pt,2025-02-14 15:53:04,Aceito participar,CE,13,5,5,5,4,5,5,3,3,4,5,confiabilidade,disponibilidade,atualização,integridade,processamento,"Geralmente,  são os primeiros passos quando começamos um projeto aqui.",5,5,5,5,5,5,5,5,5,5,5,5,5,,4,4,4,5,5,5,5,5,3,4,4,4,4,,Tudo vai depender de como nossa aplicação precisará responder ao usuário ,"Avaliação inicial durante a coleta e preparação de dados, Monitoramento contínuo durante todo o ciclo de vida do modelo, Conjuntos de testes são aplicados para validar a consistência, completude e precisão dos dados antes de serem usados no treinamento.","Análise de métricas de performance (ex.: precisão, recall)",3,"Linguagem estruturada (texto), Ferramentas de Gerenciamento de Projetos (Jira, Trello ou Asana), Documentação Centralizada (Sistemas como Confluence, Google Docs ou Notion), Reuniões de Alinhamento","Inconsistência entre diferentes fontes de dados, Erros introduzidos durante a coleta e processamento",4,Brazil,Northeast,Brazil,Full (6 to 9 years),Data Scientist,male,25-34,Master,ensures_consistency_traceability,3,Full (6 to 9 years)
pt,2025-02-14 17:01:56,Aceito participar,CE,6,4,4,4,4,4,5,3,4,4,5,ruído,sinal,teste,informação,validação,"Trabalho em um projeto a dois anos onde desenvolvemos uma ferramenta que utiliza ML e visão computacional. Durante esses dois anos só foram levantados requisitos dos softwares que envolviam a ferramenta (web, mobile, api) mas não do modelo de ML em si, que era desenvolvido exclusivamente pela equipe de IA. Apenas durante os últimos meses levantei a necessidade de termos requisitos claros estabelecidos para o modelo, para alinhar o comportamento e performance desse as expectativas dos stakeholders. Realizei pessoalmente, com auxílio do time de QA, a definição e documentação de requisitos do modelo. A partir disso, ficou muito claro como e o que era necessário testar no modelo para garantir a qualidade. Isso nos permitiu ir além das métricas tradicionais obtidas com hold-out validation e obter análises mais completas.",5,4,5,5,4,4,4,5,4,4,4,4,4,,5,4,5,5,3,3,2,4,4,3,2,3,3,,,Avaliação inicial durante a coleta e preparação de dados,"Análise de métricas de performance (ex.: precisão, recall), Revisão manual dos resultados",4,"Documentação Centralizada (Sistemas como Confluence, Google Docs ou Notion), Reuniões de Alinhamento, Relatórios Periódicos","Dados incompletos ou ausentes, Falta de padronização nos formatos de dados, Falta de ferramentas adequadas para validação da qualidade dos dados",2,Brazil,Northeast,Brazil,Full (6 to 9 years),Data Scientist,male,25-34,Doctoral student,ensures_consistency_traceability,3,Full (6 to 9 years)
pt,2025-02-14 18:42:17,Aceito participar,CE,5,5,4,3,3,3,3,2,2,4,5,precisão,consistência,completude,relevância,atualização,Já participei de todas as fases do ciclo de um projeto em Ciência de Dados.,5,5,5,5,2,3,3,4,4,3,3,3,3,,5,5,5,3,3,3,3,4,3,3,3,3,3,,"Equilibrar precisão, compreensibilidade e eficiência computacional no desenvolvimento de sistemas de aprendizado de máquina exige decisões estratégicas que dependem do contexto do projeto.","Avaliação inicial durante a coleta e preparação de dados, Monitoramento contínuo durante todo o ciclo de vida do modelo","Análise de métricas de performance (ex.: precisão, recall), Revisão manual dos resultados",3,"Linguagem estruturada (texto), Reuniões de Alinhamento","Inconsistência entre diferentes fontes de dados, Dados incompletos ou ausentes, Falta de padronização nos formatos de dados",1,Brazil,Northeast,Brazil,Senior (10+ years),Data Scientist,male,25-34,Doctoral student,eliminates_documentation_need,4,Senior (10+ years)
pt,2025-02-14 19:14:48,Aceito participar,CE,2,3,4,3,4,4,4,4,3,4,4,consistência,precisão,completude,relevância,atualização,Não ,5,5,5,5,5,5,5,5,5,5,5,5,5,,5,5,5,5,5,5,5,5,5,5,5,5,5,,"Equilibrar precisão, compreensibilidade e eficiência computacional em aprendizado de máquina exige priorização baseada no contexto do projeto. Uso técnicas como seleção de features, redução de dimensionalidade e limpeza de dados para manter a representatividade sem comprometer a interpretabilidade. Modelos mais simples podem ser preferíveis quando a explicabilidade é essencial, enquanto modelos complexos são escolhidos quando a precisão é prioridade. Além disso, monitoro continuamente o desempenho do sistema para ajustar esse equilíbrio conforme necessário.","Monitoramento contínuo durante todo o ciclo de vida do modelo, Conjuntos de testes são aplicados para validar a consistência, completude e precisão dos dados antes de serem usados no treinamento.","Análise de métricas de performance (ex.: precisão, recall), Revisão manual dos resultados",2,"Ferramentas de Gerenciamento de Projetos (Jira, Trello ou Asana)","Inconsistência entre diferentes fontes de dados, Dados incompletos ou ausentes, Falta de padronização nos formatos de dados, Erros introduzidos durante a coleta e processamento",1,Brazil,Northeast,Brazil,Junior (up to 5 years),Data Scientist,male,25-34,Doctoral student,ensures_consistency_traceability,2,Junior (up to 5 years)
pt,2025-02-15 10:11:29,Aceito participar,CE,3,3,3,5,5,3,4,3,5,4,5,treino,acurácia,split,diversas fontes,filtros,Não,5,5,5,4,4,3,3,5,5,4,3,5,3,,5,4,4,5,3,3,3,5,4,3,3,5,3,,.,"Avaliação inicial durante a coleta e preparação de dados, Conjuntos de testes são aplicados para validar a consistência, completude e precisão dos dados antes de serem usados no treinamento.","Análise de métricas de performance (ex.: precisão, recall), Revisão manual dos resultados",2,"Linguagem estruturada (texto), Ferramentas de Gerenciamento de Projetos (Jira, Trello ou Asana), Reuniões de Alinhamento","Inconsistência entre diferentes fontes de dados, Dados incompletos ou ausentes, Falta de padronização nos formatos de dados",2,Brazil,Northeast,Brazil,Senior (10+ years),Developer,male,25-34,Doctorate,ensures_consistency_traceability,4,Senior (10+ years)
pt,2025-02-15 14:00:37,Aceito participar,CE,6,5,5,5,5,5,4,5,3,4,4,balanceamento,atualização,viés,escalabilidade,granularidade,"Já participei de projetos de diversas aplicações, metodologias e tecnologias usadas. Projetos de dados na área de engenharia analise e ciencia de dados para principalmente economia, educação, saúde",4,4,5,5,5,3,4,4,4,4,3,3,3,"Se os dados forem uma bagunça, o modelo só vai cuspir lixo sofisticado",4,4,5,5,5,3,4,4,4,4,3,3,3,,"o segredo é encontrar o ponto ideal entre complexidade e praticidade, garantindo um modelo robusto e utilizável","Avaliação inicial durante a coleta e preparação de dados, Monitoramento contínuo durante todo o ciclo de vida do modelo, Conjuntos de testes são aplicados para validar a consistência, completude e precisão dos dados antes de serem usados no treinamento.","Testes A/B, Análise de métricas de performance (ex.: precisão, recall)",4,"Linguagem estruturada (texto), Ferramentas de Gerenciamento de Projetos (Jira, Trello ou Asana), Reuniões de Alinhamento","Dados incompletos ou ausentes, Falta de padronização nos formatos de dados, Dados desatualizados ou não confiáveis, Erros introduzidos durante a coleta e processamento, Dificuldade na rastreabilidade e versionamento dos dados",2,Brazil,Northeast,Brazil,Full (6 to 9 years),Data Scientist,male,25-34,Undergraduate,ensures_consistency_traceability,3,Full (6 to 9 years)
pt,2025-02-18 17:56:17,Aceito participar,CE,1,,,,,,,,,,,confiabilidade,validade,trasparência,consistência,relevância,"Registro formal dos requisitos em documentos detalhados, que podem incluir especificações funcionais e não funcionais, casos de uso.",5,4,5,4,4,4,5,5,5,4,4,5,5,,5,5,5,5,4,4,5,5,5,5,4,5,5,,"Cada decisão deve ser baseada no contexto específico do projeto e nos objetivos finais, garantindo que a qualidade dos dados seja mantida sem sacrificar outras necessidades críticas.",Avaliação inicial durante a coleta e preparação de dados,"Análise de métricas de performance (ex.: precisão, recall)",3,"Ferramentas de Gerenciamento de Projetos (Jira, Trello ou Asana)",Inconsistência entre diferentes fontes de dados,2,Brazil,Northeast,Brazil,Trainee,Developer,female,18-24,Master's student,ensures_consistency_traceability,1,Trainee
pt,2025-02-19 10:55:46,Aceito participar,PR,0,1,1,1,1,1,1,1,1,1,1,qualidade,completude,precisão,eficiência,eficácia,"Ainda não tive experiência com requisitos em projetos maiores,  apenas em trabalhos acadêmicos.",5,5,5,4,4,3,4,4,5,4,4,5,5,,5,5,5,4,4,4,5,5,3,3,3,3,3,,Não sei descrever ,Não existe uma estratégia formal para assegurar a qualidade dos dados durante o desenvolvimento.,"Análise de métricas de performance (ex.: precisão, recall)",2,Reuniões de Alinhamento,"Dados incompletos ou ausentes, Falta de padronização nos formatos de dados, Dados desatualizados ou não confiáveis, Erros introduzidos durante a coleta e processamento, Falta de ferramentas adequadas para validação da qualidade dos dados",1,Brazil,South,Brazil,Junior (up to 5 years),Developer,male,35-44,Undergraduate,ensures_consistency_traceability,2,Junior (up to 5 years)
pt,2025-02-19 14:54:48,Aceito participar,CE,1,4,4,4,4,3,3,3,4,4,4,valor,confiabilidade,segurança,desempenho,qualidade,"Sim, já participei de alguns processos de elicitação de requisitos, como análise de documentos e entrevistas semiestruturadas.",5,5,5,5,4,5,4,5,5,5,5,5,5,,4,4,5,5,3,5,4,5,5,5,5,5,5,,Essas características são essenciais para a entrega de valor e resultados eficientes no âmbito da engenharia e análise de dados.,"Avaliação inicial durante a coleta e preparação de dados, Monitoramento contínuo durante todo o ciclo de vida do modelo, Conjuntos de testes são aplicados para validar a consistência, completude e precisão dos dados antes de serem usados no treinamento.","Testes A/B, Análise de métricas de performance (ex.: precisão, recall)",4,"Linguagem estruturada (texto), Ferramentas de Gerenciamento de Projetos (Jira, Trello ou Asana), Documentação Centralizada (Sistemas como Confluence, Google Docs ou Notion), Reuniões de Alinhamento, Relatórios Periódicos","Inconsistência entre diferentes fontes de dados, Dados incompletos ou ausentes, Falta de padronização nos formatos de dados",3,Brazil,Northeast,Brazil,Junior (up to 5 years),Developer,male,25-34,Undergraduate,ensures_consistency_traceability,2,Junior (up to 5 years)
pt,2025-02-21 14:46:03,Aceito participar,SP,3,4,4,4,4,5,4,3,3,3,4,indispensável,investimento,custoso,demorado,negligenciado,Nunca participei.,5,5,4,5,5,4,4,5,5,5,4,5,5,"Todas as características são importantes ou muito importantes. A separação que fiz foi mais pensando em algo que podemos fazer/corrigir em um segundo momento ou algo que é fundamental de ser pensado desde o início. Considero que algo que se reflete na qualidade dos dados, da informação presente naquele dado são coisas inegociáveis desde o momento inicial. Já questões de documentação, tornar esses dados acessíveis e consistentes entre diferentes base de dados podem ser corrigidas no decorrer do processo, apesar de serem também muito importantes.",5,5,4,5,5,4,4,5,4,4,4,4,5,,"Geralmente o foco se dá inicialmente na qualidade dos dados em termos de serem precisos, completos e atuais. Em um segunda momento pensamos na questão do usuário do sistema e como tornar esse dados mais legíveis. Finalmente, em como otimizar o processamento/pipeline tornando melhor a experiência.",Não existe uma estratégia formal para assegurar a qualidade dos dados durante o desenvolvimento.,"Análise de métricas de performance (ex.: precisão, recall)",2,Reuniões de Alinhamento,"Dados desatualizados ou não confiáveis, Dificuldade na rastreabilidade e versionamento dos dados, Falta de ferramentas adequadas para validação da qualidade dos dados",1,Brazil,Southeast,Brazil,Full (6 to 9 years),ML Engineer,male,35-44,Doctorate,ensures_consistency_traceability,3,Full (6 to 9 years)
pt,2025-02-21 14:50:45,Aceito participar,SP,3,4,4,4,4,4,4,3,3,5,5,interdisciplinaridade,análise,autorização,especialistas,técnica,"Sim, já participei e principalmente em disciplinas na universidade. Não é a etapa do projeto que mais me instigou, mas achei de extremamente importância porque era o que nos guiava tanto no desenvolvimento como a compartilhar as etapas de desenvolvimento com quem não participava do projeto.",5,4,5,5,5,5,5,5,5,5,5,5,5,"Para mim todas as características são de extrema importância, pois a garantia delas influenciam muito positivamente o desenvolvimento de sistemas que utilizam aprendizado de máquina. Dados de má qualidade (e aqui má qualidade vai desde a falta de disponibilidade a dados com pouca precisão e pouco representativos) são um grande problema na área e dificultam o desenvolvimento de novas técnicas.",4,4,5,5,5,5,5,4,4,5,4,5,5,"São as características que vejo como essenciais para reproduzir técnicas, seja para fins de pesquisa ou mercado. A garantia delas influencia também em um desenvolvimento mais rápido.","Até agora não participei precisamente do desenvolvimento de um sistema que usa aprendizado de máquina, pois só trabalhei com isso no mestrado. Eu trabalho com imagens médicas, a conciliação que precisei fazer foi basicamente entre a falta de consistência (no que se refere a possuir contradição entre diferentes fontes) e atualidade (de um ponto de vista geográfico, por não representar a população brasileira) com compreensibilidade (pois são dados que possuem documentação clara), disponibilidade, acessibilidade e principalmente com credibilidade, pois são dados disponibilizados por uma agência da Organização das Nações Unidas. E tudo isso será documentado, deixando claro como foi o processo de obter esses dados e como entrar em contato para tal.","Conjuntos de testes são aplicados para validar a consistência, completude e precisão dos dados antes de serem usados no treinamento.","Análise de métricas de performance (ex.: precisão, recall), Revisão manual dos resultados",2,"Documentação Centralizada (Sistemas como Confluence, Google Docs ou Notion), Reuniões de Alinhamento","Dados incompletos ou ausentes, Dados desatualizados ou não confiáveis, Erros introduzidos durante a coleta e processamento, Dificuldade na rastreabilidade e versionamento dos dados, Falta de ferramentas adequadas para validação da qualidade dos dados",,Brazil,Southeast,Brazil,Junior (up to 5 years),Data Scientist,female,25-34,Master's student,ensures_consistency_traceability,2,Junior (up to 5 years)
pt,2025-02-22 17:44:35,Aceito participar,CE,5,5,5,1,3,4,4,5,5,5,2,dataset,qualidade,quantidade,pipeline,outliners,"Nesse caso, minha experiência nessa parte é mais voltada para a documentação do código e na criação de diagramas referentes a pipelines,  já participei de algumas auditorias feitas pelo time de requisitos mas não me considero uma pessoa com experiência na área. ",5,4,4,4,3,5,2,5,4,2,5,5,5,,5,5,5,5,2,5,2,3,4,3,4,5,4,,"Atualmente sempre venho dando mais ênfase na precisão dos dados, seguido da compreensibilidade e eficiência. Dou prioridade para essa ordem por alguns motivos, o principal deles sendo que (em minhas experiências) quando se utiliza um dataset que não representa dados reais ou realmente representativos do que queremos que os modelos de aprendizado de máquina aprendam o resultado não é satisfatório, a compreensibilidade vem logo em seguida pois facilita tanto o trabalho de ETL (carregar os dados para treinar os modelos) tanto para futura documentação e demonstração dos resultados obtidos pelos modelos, e por fim a eficiência computacional visto que também é preciso manter a capacidade de rodar os modelos com o hardware que for usado. Uma situação que me recordo foi quando estive numa equipe e tivemos que fazer uma escolha entre dois datasets que tinhamos disponíveis para utilizar em um projeto, um deles mais robusto que o outro porém que iria demandar muito mais poder computacional para treinar os modelos em cima dele, no fim acabamos escolhendo ele por representar melhor o tipo de dado que queriamos apresentar no final do projeto. ","Avaliação inicial durante a coleta e preparação de dados, Monitoramento contínuo durante todo o ciclo de vida do modelo, Conjuntos de testes são aplicados para validar a consistência, completude e precisão dos dados antes de serem usados no treinamento.","Análise de métricas de performance (ex.: precisão, recall), Revisão manual dos resultados, Em um projeto atual, são colocadas todas as métricas obtidas pelos modelos que estão sendo testados em uma planilha e organizamos todas as métricas que estão sendo cabiveis para esse projeto assim como as matrizes de confusão para cada modelo, assim podemos ordenar facilmente entre as métricas que queremos observar (estamos focando mais em Recall por ser um projeto voltado para saúde e assim é necessário ter o minímo de falsos negativos possíveis).",4,"Linguagem estruturada (texto), Ferramentas de Gerenciamento de Projetos (Jira, Trello ou Asana), Reuniões de Alinhamento, Slack","Inconsistência entre diferentes fontes de dados, Dados incompletos ou ausentes, Falta de padronização nos formatos de dados, Dados desatualizados ou não confiáveis, Estrutura dos dados, Natureza dos dados",1,Brazil,Northeast,Brazil,Junior (up to 5 years),Data Engineer,male,18-24,Undergraduate,ensures_consistency_traceability,2,Junior (up to 5 years)
pt,2025-02-22 18:09:04,Aceito participar,CE,1,4,3,3,4,2,3,3,2,3,3,keys,descritivo,afirmativo,coesão,identificável,Somente documentação de dependências e bibliotecas.,5,4,5,5,2,3,5,5,5,2,2,4,4,"Os dados precisão refletir com eficiência e sem muitos erros, ao qual ele é proposto ou indica, os dados precisam ser compreensíveis até certo ponto para os humanos, precisam ser confiáveis, em termos de garantir que a informação final não esteja errada se comparada ao esperado no mundo real. ",5,3,4,3,3,4,5,5,5,3,3,4,3,,"Em visão computacional, os dados agrupados formam uma informação sobre a imagem, essa informação precisa ser precisa a imagem, compreensível pela máquina e a depender da quantidade, não pode ser muito grande, ou seja, precisa ser direta e com exatidão. ","Avaliação inicial durante a coleta e preparação de dados, Monitoramento contínuo durante todo o ciclo de vida do modelo","Análise de métricas de performance (ex.: precisão, recall), Revisão manual dos resultados",4,"Linguagem estruturada (texto), Documentação Centralizada (Sistemas como Confluence, Google Docs ou Notion), Reuniões de Alinhamento","Dados incompletos ou ausentes, Falta de padronização nos formatos de dados, Dados desatualizados ou não confiáveis",3,Brazil,Northeast,Brazil,Trainee,Data Scientist,male,18-24,Undergraduate,ensures_consistency_traceability,1,Trainee
pt,2025-02-22 18:36:56,Aceito participar,AL,3,4,4,5,4,5,5,4,4,4,4,relevância,consistência,precisão,credibilidade,acessibilidade,"Sim, já participei de processos de refinamento de requisitos, onde discutimos com a equipe a complexidade e capacidade do time para construir as soluções.",4,2,4,4,3,4,3,5,4,5,4,4,4,,4,3,4,4,2,4,3,5,4,5,4,4,4,Confiabilidade para garantir que os dados realmente refletem a área de conhecimento que está como alvo.,"As vezes os dados podem não estarem completos, mas a confiabilidade pode ser mais alta.","Conjuntos de testes são aplicados para validar a consistência, completude e precisão dos dados antes de serem usados no treinamento.","Testes A/B, Análise de métricas de performance (ex.: precisão, recall)",4,"Documentação Centralizada (Sistemas como Confluence, Google Docs ou Notion), Reuniões de Alinhamento","Inconsistência entre diferentes fontes de dados, Dados incompletos ou ausentes, Dados desatualizados ou não confiáveis, Erros introduzidos durante a coleta e processamento",2,Brazil,Northeast,Brazil,Senior (10+ years),Developer,male,25-34,Master,ensures_consistency_traceability,4,Senior (10+ years)
pt,2025-02-22 23:41:07,Aceito participar,RS,0,,4,4,2,2,3,2,3,3,3,relevância,consistência,integridade,acessibilidade,segurança,"Sim, participo e acontece no escopo analise e desenho dos processos de negócio implicados na mudança resolvida com o projeto. ",5,5,5,5,4,4,5,5,3,4,4,4,5,Dependem do escopo do projeto e o do objetivo do aprendizado ,5,5,5,5,5,5,5,5,5,5,5,5,5,,"Varia segundo o objetivo do aprendizado, fontes e metricas dos rótulos ",Monitoramento contínuo durante todo o ciclo de vida do modelo,"Análise de métricas de performance (ex.: precisão, recall)",4,"Linguagem estruturada (texto), Reuniões de Alinhamento","Inconsistência entre diferentes fontes de dados, Dados incompletos ou ausentes, Falta de padronização nos formatos de dados, Dados desatualizados ou não confiáveis, Erros introduzidos durante a coleta e processamento",2,Brazil,South,Brazil,Full (6 to 9 years),Product owner,male,45-54,Specialization,ensures_consistency_traceability,3,Full (6 to 9 years)
pt,2025-02-24 08:46:57,Aceito participar,BA,40,5,5,5,5,5,4,4,3,5,5,consistência,corretude,representatividade,conformidade,rastreabilidade,Não,5,5,5,5,4,4,5,5,4,5,3,4,4,"Para a elaboração de sistemas de ML corretos e efetivos, os dados precisam ser consistentes, completos e precisos. Se isso não acontecer, todo o resultado proveniente do seu pipeline de ML pode estar comprometido. A conformidade é importante para a própria construção dos pipelines, já que os seus dados precisam estar padronizados para serem alimentados no seu sistema de ML. Quanto a confiabilidade e a rastreabilidade, a primeira relaciona-se à consistência, o que é essencial em sistemas de ML, enquanto a última é super importante para a execução de testes com dados mais antigos, realização de debugs ou até mesmo processos de rollback.",5,5,5,5,4,4,5,5,3,5,3,3,4,,"Deve-se sempre entender o problema a ser solucionado para dar importância maior para uma característica em detrimento de outras. A completude, por exemplo, é uma característica muito importante já que os dados precisam estar ""completos"" para serem alimentados em um sistema de ML. A consistência e a credibilidade, por exemplo, podem ser características a serem balanceadas. Por vezes, encontramos inconsistências em nossas fontes de dados e precisamos optar pela fonte de maior credibilidade","Avaliação inicial durante a coleta e preparação de dados, Monitoramento contínuo durante todo o ciclo de vida do modelo, Conjuntos de testes são aplicados para validar a consistência, completude e precisão dos dados antes de serem usados no treinamento.","Testes A/B, Análise de métricas de performance (ex.: precisão, recall)",4,"Linguagem estruturada (texto), Ferramentas de Gerenciamento de Projetos (Jira, Trello ou Asana), Documentação Centralizada (Sistemas como Confluence, Google Docs ou Notion), Reuniões de Alinhamento","Inconsistência entre diferentes fontes de dados, Dados incompletos ou ausentes, Dados desatualizados ou não confiáveis, Falta de ferramentas adequadas para validação da qualidade dos dados",2,Brazil,Northeast,Brazil,Senior (10+ years),Data Scientist,male,35-44,Doctorate,ensures_consistency_traceability,4,Senior (10+ years)
pt,2025-02-27 11:37:55,Aceito participar,BA,10,4,4,3,4,3,4,3,3,3,3,tempo,otimização,reuso,integração,precisão,Sim,1,2,1,1,1,1,1,1,2,2,1,1,1,,2,1,1,1,2,1,1,1,2,1,1,1,1,,O problema é quando os dados nao sao consitentes o incopletos a inferência e resultado final o cliente pode ser confuso e incompleto. Precisa de refazer o processo varias vezes isso leva a gastos de infra em todo o fluxo,"Avaliação inicial durante a coleta e preparação de dados, Monitoramento contínuo durante todo o ciclo de vida do modelo, Conjuntos de testes são aplicados para validar a consistência, completude e precisão dos dados antes de serem usados no treinamento.","Testes A/B, Análise de métricas de performance (ex.: precisão, recall), Revisão manual dos resultados",5,"Linguagem estruturada (texto), Documentação Centralizada (Sistemas como Confluence, Google Docs ou Notion), No mesmo MR","Inconsistência entre diferentes fontes de dados, Dados incompletos ou ausentes",4,Brazil,Northeast,Brazil,Senior (10+ years),Developer,male,45-54,Doctorate,ensures_consistency_traceability,4,Senior (10+ years)
pt,2025-02-27 11:43:57,Aceito participar,CE,11,4,5,3,5,5,4,4,4,1,5,prazo,requisito,integração,qualidade,desempenho,"Diria que minha experiência em Engenharia de Requisitos é limitada; seria mais preciso dizer que tenho bastante experiência na coleta de requisitos. Já participei de diversas definições, análises e documentações breves, mas os prazos sempre foram extremamente curtos para realizar um estudo aprofundado. Isso ocorre porque, muitas vezes, é necessário propor uma solução rapidamente e submetê-la para aprovação. Além disso, a postura do cliente influencia bastante esse processo. Frequentemente, investimos muito tempo tentando extrair dele os pontos-chave daquilo que ele acredita precisar, para então conseguirmos estruturar minimamente as informações. É claro que isso varia conforme o porte da empresa. Empresas com menor capital tendem a ser mais exploratórias e desorganizadas, enquanto as de capital elevado costumam ser mais restritivas e objetivas. No entanto, sempre há exceções, e algumas grandes empresas fazem exigências tão peculiares que acabam dificultando ainda mais a estruturação do projeto.",5,5,5,5,5,5,5,5,5,5,5,5,5,"Consigo imaginar diversos cenários em que todas essas palavras são extremamente importantes de alguma forma. No entanto, acredito que há uma diferença entre algo ser importante e ser necessário para um projeto, especialmente quando se trata de um projeto piloto. Muitas vezes, esses dois aspectos entram em conflito, pois a importância de certos elementos é limitada pela urgência dos prazos, impedindo que coexistam de maneira adequada.",3,3,3,3,3,3,3,3,3,3,3,3,3,"Consigo imaginar diversos cenários em que todas essas palavras são extremamente essenciais também. Mas vai depender demais do projeto em questão, então prefiro colocar neutro. ","O que costumo ver com muita frequência é ver primeiro o resultado e depois avaliar como ele poderia ser melhorado, revisitando essas características. Aqui depende muito do tipo do projeto também.",Não existe uma estratégia formal para assegurar a qualidade dos dados durante o desenvolvimento.,Revisão manual dos resultados,2,Reuniões de Alinhamento,"Inconsistência entre diferentes fontes de dados, Dados incompletos ou ausentes, Falta de padronização nos formatos de dados, Dados desatualizados ou não confiáveis, Erros introduzidos durante a coleta e processamento, Dificuldade na rastreabilidade e versionamento dos dados, Falta de ferramentas adequadas para validação da qualidade dos dados",1,Brazil,Northeast,Brazil,Senior (10+ years),Developer,male,25-34,Doctorate,ensures_consistency_traceability,4,Senior (10+ years)
pt,2025-02-27 12:02:10,Aceito participar,CE,2,4,4,4,2,3,3,2,2,4,4,corretude,quantidade,iid,confiabilidade,compreensibilidade,Nunca participei de atividades de engenharia de requisitos,5,5,4,4,4,3,5,4,4,3,3,4,3,,5,5,4,4,3,4,5,4,3,2,3,4,4,"Todos requisitos são essenciais dependendo do contexto.
A precisão, por exemplo, vai depender do grau do erro dos dados e o quão preciso é necessário que a solução de AM seja. Mas em geral, ter um certo nível de precisão é essencial para qualquer contexto.

A conformidade depende do quão sensíveis forem os dados. Em dados hospitalares ou bancários por exemplo, esse aspécto é super importante.

A eficiência vai depender se o sistema é utilizado em tempo real ou não.

Enfim cada característica dessas é essencial dependendo do contexto. Tentei marcar com mais importância aquelas que são mais comuns em mais contextos.

","Realmente depende do contexto. Atualmente participo de um projeto que trata anamneses de hospitais. Para manter a conformidade, abordamos soluções de aprendizado de máquina federado, onde os dados permanecem locais.","Avaliação inicial durante a coleta e preparação de dados, Conjuntos de testes são aplicados para validar a consistência, completude e precisão dos dados antes de serem usados no treinamento.","Análise de métricas de performance (ex.: precisão, recall), Revisão manual dos resultados",3,"Linguagem estruturada (texto), Reuniões de Alinhamento","Inconsistência entre diferentes fontes de dados, Dados incompletos ou ausentes, Falta de padronização nos formatos de dados, Dados desatualizados ou não confiáveis, Dificuldade na rastreabilidade e versionamento dos dados",2,Brazil,Northeast,Brazil,Junior (up to 5 years),Data Scientist,male,25-34,Master's student,ensures_consistency_traceability,2,Junior (up to 5 years)
pt,2025-02-27 19:03:48,Aceito participar,PB,40,5,5,5,5,5,5,5,4,4,5,dados não representativos da realidade/ precisão,dados faltantes/completude,falta de histórico/rastreabilidade,desconhecido de regras de negócio/ compreensibilidade,dados atualizados/ atualidade,…,5,5,4,4,5,4,5,4,4,5,5,4,4,,5,4,4,4,4,5,5,4,2,4,5,2,3,,"No geral boas ferramentas de mercado como o databricks ajuda o cientista de dados a focar na solução, pois isso é tratado de forma estratégica e inteligente pelo sistema. Resumindo, escolha bem sua plataforma e defina bem os requisitos do sistema.","Avaliação inicial durante a coleta e preparação de dados, Monitoramento contínuo durante todo o ciclo de vida do modelo, Conjuntos de testes são aplicados para validar a consistência, completude e precisão dos dados antes de serem usados no treinamento.","Testes A/B, Análise de métricas de performance (ex.: precisão, recall)",4,"Linguagem estruturada (texto), Reuniões de Alinhamento","Inconsistência entre diferentes fontes de dados, Dados incompletos ou ausentes, Falta de padronização nos formatos de dados, Dados desatualizados ou não confiáveis",3,Brazil,Northeast,Brazil,Senior (10+ years),Data Scientist,male,35-44,Doctorate,ensures_consistency_traceability,4,Senior (10+ years)
pt,2025-02-28 15:12:08,Aceito participar,RJ,2,3,,,,2,3,,,2,3,limpeza,normalização,encoder,padronizacao,-,Documentar sobre os requisitos funcionais como integracoes utilizando API e cadastros de usuarios,5,5,5,5,5,5,5,5,5,5,5,5,5,,4,4,5,5,3,3,5,5,5,4,4,5,5,,"Nao desenvolvi nenhum sistema com AM mas quando desenvolvo tudo faco por fazer para cada pilar como: disponibilidade, seguranca, confiabilidade e boas praticas",Nao participei de nenhum diretamente,"Análise de métricas de performance (ex.: precisão, recall), Revisão manual dos resultados",4,"Linguagem estruturada (texto), Ferramentas de Gerenciamento de Projetos (Jira, Trello ou Asana), Reuniões de Alinhamento","Inconsistência entre diferentes fontes de dados, Falta de padronização nos formatos de dados, Falta de ferramentas adequadas para validação da qualidade dos dados",3,Brazil,Southeast,Brazil,Junior (up to 5 years),Developer,female,25-34,Master's student,ensures_consistency_traceability,2,Junior (up to 5 years)
pt,2025-03-07 10:35:58,Aceito participar,AM,10,3,3,3,3,3,3,4,3,4,4,preciso,tratado,transformado,confiável,reuso,"Esse processo é bem trabalhoso e demorado, pois é preciso ter o entendimento do contexto de negócio e como os dados estão conectados. Além disso, na maioria das vezes, as regras e validações do que deve ser feito está na cabeça do usuário, e existe uma dependência destes especialistas para que a solução seja definida ou entendida.",5,4,5,5,4,4,3,5,3,2,5,5,3,,5,4,5,5,3,4,2,4,2,3,3,4,3,,São características que definem a qualidade do dado para ser utilizado em soluções de IA,"Avaliação inicial durante a coleta e preparação de dados, Conjuntos de testes são aplicados para validar a consistência, completude e precisão dos dados antes de serem usados no treinamento.","Análise de métricas de performance (ex.: precisão, recall), Revisão manual dos resultados",4,"Ferramentas de Gerenciamento de Projetos (Jira, Trello ou Asana), Documentação Centralizada (Sistemas como Confluence, Google Docs ou Notion), Reuniões de Alinhamento","Inconsistência entre diferentes fontes de dados, Dados desatualizados ou não confiáveis, Dificuldade na rastreabilidade e versionamento dos dados, Falta de ferramentas adequadas para validação da qualidade dos dados",4,Brazil,North,Brazil,Senior (10+ years),Other,female,35-44,Master,increases_data_quantity,4,Senior (10+ years)
pt,2025-03-07 15:00:54,Aceito participar,RJ,10,5,3,3,5,3,3,2,2,3,3,disponibilidade,padronização,organização,verificação,avaliação,Não ,4,4,4,5,4,4,4,4,4,5,4,5,5,,5,3,5,5,5,5,5,5,3,5,5,5,5,,"Eu tento, tudo depende do problema a ser solucionado o conjunto de dados que eu tenha disponível. Após conhecer a amostra começo a tomar decisões sobre como.pafronizacao, o que deve ser removido ou incrementado, tentando remover os possíveis ruídos para melhorar o.resultados finais ","Avaliação inicial durante a coleta e preparação de dados, Não existe uma estratégia formal para assegurar a qualidade dos dados durante o desenvolvimento.","Análise de métricas de performance (ex.: precisão, recall)",1,"Linguagem estruturada (texto), Ferramentas de Gerenciamento de Projetos (Jira, Trello ou Asana), Reuniões de Alinhamento","Inconsistência entre diferentes fontes de dados, Dados desatualizados ou não confiáveis, Dificuldade na rastreabilidade e versionamento dos dados, Falta de ferramentas adequadas para validação da qualidade dos dados",1,Brazil,Southeast,Brazil,Full (6 to 9 years),Data Scientist,female,35-44,Doctoral student,ensures_consistency_traceability,3,Full (6 to 9 years)
pt,2025-03-07 15:14:50,Aceito participar,RJ,15,4,4,4,5,5,4,4,4,5,4,imprescindível,coerência,conformidade,resultado,confiabilidade,"Desde sempre participei de atividades de requisitos nos projetos que atuei, em alguns momentos, com menos interações, mas nos últimos cinco anos com grande interação. Nesse sentido, minha atuação visa descrever e avaliar a viabilidade nessa fase de concepção.",5,5,5,5,5,3,5,5,4,4,3,5,5,"São critérios relevantes, mas que não promovem impedimentos.",5,5,5,5,4,3,5,5,4,4,3,5,5,"São critérios prioritário, mas não impactam requisitos funcionais.","Ser preciso é uma necessidade de negócio em sistemas de Aprendizado de Máquina e isso deve requerer confiabilidade, o que pode impactar na eficiência computacional. Sob esta fala, sistemas de análises médicas permeiam o cenário descrito, afinal imagens clínicas geralmente têm alta resolução pois demandam confiabilidade para apresentação dos laudos. Ou seja, essas imagens representam grandes volumes de dados, impactando na eficiência computacional desse sistema.","Conjuntos de testes são aplicados para validar a consistência, completude e precisão dos dados antes de serem usados no treinamento.","Análise de métricas de performance (ex.: precisão, recall), Revisão manual dos resultados",3,"Ferramentas de Gerenciamento de Projetos (Jira, Trello ou Asana), Documentação Centralizada (Sistemas como Confluence, Google Docs ou Notion), Reuniões de Alinhamento","Inconsistência entre diferentes fontes de dados, Dados incompletos ou ausentes, Dificuldade na rastreabilidade e versionamento dos dados, Falta de ferramentas adequadas para validação da qualidade dos dados",1,Brazil,Southeast,Brazil,Senior (10+ years),Data Scientist,male,35-44,Doctoral student,ensures_consistency_traceability,4,Senior (10+ years)
pt,2025-03-07 15:28:03,Aceito participar,CE,8,4,3,3,5,3,3,2,3,3,5,outliers,quantidade,indefinido,nulo,desbalanceamento,"sim, já atuei na engenharia de requisitos. Sempre foi a etapa crucial para a definição de um bom escopo, evitando atritos entre a equipe e o cliente e preservando prazos e bem estar de trabalho.",5,5,5,5,4,3,3,4,3,2,3,3,3,"Dados mais atuais, precisos e coerentes com o cenário real tendem a apresentar resultados melhores na fase de análise dos modelos em relação as métricas de acerto.",4,5,5,5,2,2,2,4,2,2,4,2,1,"A consistência e completude indicarão o quanto os dados de fato representam ou não os cenários de um ambiente real, o modelo tenderá a ser melhor acertivo se estes aspectos forem priorizados.","Dependerá da aplicação, se há requisitos de tempo real ou não, se o tempo de espera para a resposta do modelo é algo sensível ou não, pois isso pode levar a uma maior flexibilidade quanto as taxas de acerto e pririzando a eficiência.","Avaliação inicial durante a coleta e preparação de dados, Conjuntos de testes são aplicados para validar a consistência, completude e precisão dos dados antes de serem usados no treinamento.","Análise de métricas de performance (ex.: precisão, recall)",4,"Linguagem estruturada (texto), Reuniões de Alinhamento","Dados incompletos ou ausentes, Erros introduzidos durante a coleta e processamento",1,Brazil,Northeast,Brazil,Full (6 to 9 years),Data Scientist,male,25-34,Doctorate,ensures_consistency_traceability,3,Full (6 to 9 years)
pt,2025-03-07 16:07:19,Aceito participar,RJ,4,4,3,3,4,2,3,4,,3,3,consistência,estrutura,validade,confiáveis,organizados,"Participei da elicitação de requisitos para um módulo de um software que iria buscar e processar dados de um data warehouse. Foi feito de maneira informal com os membros relevantes do time em uma reunião, sem a geração de um documento formalizando tudo (apenas uma task aberta no kanban com as descrições do que foi discutido. ",5,5,5,5,3,3,3,4,2,4,2,2,3,,5,5,5,5,1,3,3,5,1,4,1,1,4,,"Algumas características, como Precisão, Completude, Consistência, Credibilidade eu considero essenciais não importa a situação, pois sem esses pontos todos os passos seguintes num fluxo de ciência de dados se tornam irrelevante, pois o resultado deixa de ser confiável (ou seja afeta negativamente a Confiabilidade). Na minha opinião, se o produto final não é confiável ele não deveria estar em produção. Apenas para fins de pesquisa de existe um valor em dados e modelos menos confiáveis (mas todo o trabalho deve ser feito sabendo desse problema.)   Caso esses problemas não sejam identificados e passem por exemplo até o passo de treinamento de um modelo, onde se descobre que o modelo não é confiável, torna-se importante outros fatores como Rastreabilidade e Recuperabilidade para permitir que sejam identificados os problemas e caso necessário que seja gerado um conjunto corrigido de dados caso possível.  Com relação a outras características dos dados, tudo depende de qual será a aplicação. Atualidade, especificamente, é um grande exemplo de uma característica que pode ser extremamente prioritária para certas aplicações (como por exemplo meteorologia, serviços críticos, bancários, etc.) mas que também pode ser desnecessário dependendo do objetivo.   Com relação as outras características não mencionadas, como compreensibilidade e disponibilidade, creio que para fins de pesquisa são importantes, mas pensando num fluxo de construção de produto que iria para a produção, a ideia é que tendo uma aplicação já pronta, esses fatores seriam menos importantes até que fosse necessária uma atualização do produto. No geral, eu acredito que essas características são mais importantes para o produto final do que para os dados.","Avaliação inicial durante a coleta e preparação de dados, Conjuntos de testes são aplicados para validar a consistência, completude e precisão dos dados antes de serem usados no treinamento.","Análise de métricas de performance (ex.: precisão, recall), Revisão manual dos resultados",5,"Ferramentas de Gerenciamento de Projetos (Jira, Trello ou Asana), Reuniões de Alinhamento","Dados incompletos ou ausentes, Dados desatualizados ou não confiáveis, Erros introduzidos durante a coleta e processamento, Falta de ferramentas adequadas para validação da qualidade dos dados",2,Brazil,Southeast,Brazil,Full (6 to 9 years),Other,male,25-34,Doctoral student,ensures_consistency_traceability,3,Full (6 to 9 years)
pt,2025-03-08 14:46:43,Aceito participar,CE,5,4,4,4,4,3,3,4,3,4,4,consistência,completude,relevância,acurácia,atualização,Participei de algumas jornadas de usuário conversando com clientes para entender como um um produto de IA poderia ajudar no cotidiano do público alvo.,5,5,5,5,5,4,5,5,4,4,4,5,5,,5,5,5,5,4,4,5,5,5,4,4,5,4,,"Em sistemas biométricos que trabalhei, a eficiência era um ponto bem critico, pois não poderíamos aceitar falsos positivos. Nesses casos tínhamos etapas de limpezas bem complexas priorizando a questão da eficiência e precisão posterior dos algoritmos de identificação a serem treinados. Em outros casos como classificação de texto, houveram sim preocupações com compreensibilidade, e menos com eficiência, sendo que nesses esse casos trabalhávamos com rankeamento, e a classificação tinha uma etapa de validação humana após a execução do modelo treinado.","Avaliação inicial durante a coleta e preparação de dados, Monitoramento contínuo durante todo o ciclo de vida do modelo, Conjuntos de testes são aplicados para validar a consistência, completude e precisão dos dados antes de serem usados no treinamento.","Testes A/B, Análise de métricas de performance (ex.: precisão, recall), Revisão manual dos resultados",2,"Linguagem estruturada (texto), Ferramentas de Gerenciamento de Projetos (Jira, Trello ou Asana), Documentação Centralizada (Sistemas como Confluence, Google Docs ou Notion), Reuniões de Alinhamento, Relatórios Periódicos","Inconsistência entre diferentes fontes de dados, Dados incompletos ou ausentes, Falta de padronização nos formatos de dados, Dados desatualizados ou não confiáveis, Erros introduzidos durante a coleta e processamento",1,Brazil,Northeast,Brazil,Full (6 to 9 years),Data Scientist,male,25-34,Doctoral student,ensures_consistency_traceability,3,Full (6 to 9 years)
pt,2025-03-11 11:02:24,Aceito participar,AL,7,4,4,4,4,3,4,4,3,4,5,diversidade,quantidade,precisão,confiabilidade,limpeza,"Participei na melhoria de requisitos do meu projeto atual. Nesse processo sempre é feita uma reunião com o cliente onde ele faz o levantamento dos cenários e casos que ele deseja obter. Ao final dessas reuniões, fazemos a criação das Histórias, Cenários e Requisitos Funcionais e Não Funcionais. Uma vez concluído esse processo, o cliente então os revisa e, se necessário, os corrige. Esse é um processo interativo, até o momento me que tanto o cliente como nós desenvolvedores chegarmos num consenso.",5,5,5,5,3,5,3,5,4,4,3,4,4,"
Dada a negligência à esses pontos levantados, os modelos criados podem não refletir o objetivo pretendido pelo desenvolvedor/pesquisador. Ou em casos piores, podem levar a resultados que podem parecer promissores, mas que em uma análise mais profunda pode estar relacionada à dados que não são devidamente limpos e precisos.",4,4,4,4,2,3,3,4,3,3,4,4,3,"Os pontos marcados como prioritário, se não considerados no inicio do projeto, podem levar a modelos que podem ter problemas de overfitting ou underfitting. Isso com o tempo pode até ser corrigido, porém é algo que pode ser prevenido com dados que já tenham uma credibilidade, precisão e consistência por exemplo.",Através dos treinamentos com diferentes configurações e diferentes tipos de dados. Através desse tuning inicial é possível inclusive excluir dados que não venham a acrescentar muito no resultado final do modelo pretendido. Uma Feature Selection pode ser utilizada nesse sentido.,"Avaliação inicial durante a coleta e preparação de dados, Monitoramento contínuo durante todo o ciclo de vida do modelo","Análise de métricas de performance (ex.: precisão, recall)",2,"Ferramentas de Gerenciamento de Projetos (Jira, Trello ou Asana), Reuniões de Alinhamento",Erros introduzidos durante a coleta e processamento,2,Brazil,Northeast,Brazil,Full (6 to 9 years),Developer,male,25-34,Doctorate,ensures_consistency_traceability,3,Full (6 to 9 years)
pt,2025-03-12 15:44:54,Aceito participar,CE,1,2,3,3,3,3,2,1,1,1,2,completude,atualidade,diversidade,acurácia,volume,"Sim, já participei de todas as fases. Geralmente realizada através da análise de sistemas anteriores e documentações existentes, além de entrevistas e confecção de protótipos.",5,5,5,5,4,5,5,5,4,4,4,5,5,"Se o dado não tiver a maioria desses atributos, qualquer resultado de qualquer modelo de ML não será confiável",5,4,4,5,3,4,5,5,4,3,4,4,4,"Mesmo motivo. Todo dado utilizado na execução de algortimos de ML deve ter qualidade, senão todo resultado será duvidoso e não confiável. Não existe meio termo.","Dependendo do problema/domínio sendo estudado, esse equilíbrio pode variar. Por exemplo, situações que lidam com saúde, vida e morte, por exemplo, deve considerar apenas dados de boa qualidade com relação a todas as características. Qualquer dado não confiável deve ser eliminado. Em outros casos, talvez possamos ser menos rigorosos com relação a alguma caracaterística.",Avaliação inicial durante a coleta e preparação de dados,"Análise de métricas de performance (ex.: precisão, recall)",3,"Ferramentas de Gerenciamento de Projetos (Jira, Trello ou Asana), Reuniões de Alinhamento","Dados incompletos ou ausentes, Falta de ferramentas adequadas para validação da qualidade dos dados",4,Brazil,Northeast,Brazil,Senior (10+ years),Data Scientist,female,45-54,Doctoral student,ensures_consistency_traceability,4,Senior (10+ years)
pt,2025-03-15 16:34:42,Aceito participar,CE,3,4,3,4,5,4,5,5,4,4,4,balanceamento,consistência,volume,completude,atualização,Não,5,4,5,5,4,3,3,5,4,3,4,5,5,"Acredito que os dados devem ser confiáveis e fazer sentido, pois é fundamental pra que o sistema funcione corretamente quando for colocado em produção. Para tomar decisões com base nesses dados,  a informação deve ser precisa e consistente.",5,4,5,5,4,3,3,5,5,3,5,4,4,"Acredito que os dados devem ser confiáveis e fazer sentido, pois é fundamental pra que o sistema funcione corretamente quando for colocado em produção. Para tomar decisões com base nesses dados,  a informação deve ser precisa e consistente.",.,"Avaliação inicial durante a coleta e preparação de dados, Monitoramento contínuo durante todo o ciclo de vida do modelo","Testes A/B, Análise de métricas de performance (ex.: precisão, recall)",5,Reuniões de Alinhamento,"Inconsistência entre diferentes fontes de dados, Dados incompletos ou ausentes, Dados desatualizados ou não confiáveis, Erros introduzidos durante a coleta e processamento, Dificuldade na rastreabilidade e versionamento dos dados",2,Brazil,Northeast,Brazil,Junior (up to 5 years),Data Scientist,female,18-24,Undergraduate,ensures_consistency_traceability,2,Junior (up to 5 years)
pt,2026-04-28 15:25:30,Aceito participar,PR,4,3,3,3,3,3,3,3,3,3,3,origem,tipo,escala,distribuição,uso,"Eu sempre participo. Inicialmente, as necessidades dos clientes são identificadas. Posteriormente são priorizadas e descritas. As tarefas são divididas em sprints e estimadas nas reuniões de planejamento. Os devs recebem as tarefas de acordo com o capacity e senioridade/especialidade. Utilizamos scrum e kanbam. As tasks são entregues de forma continua em pequenos pacotes de atualizações.",4,4,5,4,4,4,3,4,4,3,3,4,4,"O mais fundamental é que os dados precisam ser não-ambíguos pois a tomada de decisão precisa ser assertiva. Executar uma ação crítica como por exemplo bloquear o cartão de um cliente 5 estrelas é péssimo. Os dados precisam estar sempre disponíveis, consistentes e atuais. Eu vejo uma grande relação entre consistência e atualidade. Por exemplo, um cliente pode ser tornar inadimplente a qualquer momento. Dados atuais são essenciais principalmente para startups.",4,4,5,4,4,4,2,4,4,3,3,4,4,"Quanto mais consistentes os dados, melhor a classificação.",Depende muito do projeto. Projetos que envolvem saúde ou dinheiro são mais críticos em relação à alguns pontos. Agora alguns tipos de classificação podem ter outras prioridades.,"Avaliação inicial durante a coleta e preparação de dados, Conjuntos de testes são aplicados para validar a consistência, completude e precisão dos dados antes de serem usados no treinamento.","Testes A/B, Análise de métricas de performance (ex.: precisão, recall), Revisão manual dos resultados",2,Reuniões de Alinhamento,"Dados incompletos ou ausentes, Falta de padronização nos formatos de dados, Dados desatualizados ou não confiáveis, Erros introduzidos durante a coleta e processamento",1,Brazil,South,Brazil,Senior (10+ years),Developer,male,25-34,Doctorate,ensures_consistency_traceability,4,Senior (10+ years)
pt,2026-04-29 10:45:54,Aceito participar,RJ,6,4,5,4,5,5,4,5,5,5,5,origem,processamento,normalização,distribuição,precisão,Normalmente não participo muito na etapa de engenharia de requisitos.,5,5,3,5,3,3,3,5,4,2,3,5,5,Precisão é importante pois um dado impreciso causaria erros de aprendizado e predição nos modelos que aprenderiam com esses dados.  Completude é importante pois na vida real o modelo utilizado poderia simplesmente não ser capaz de prever uma observação corretamente pois o dado de treinamento utilizado para este modelo falta exemplos suficientes daquele tipo de dado. ,5,5,3,5,3,3,3,3,3,3,3,5,3,,"Dependendo da situação, infelizmente talvez não tenhamos opções nem de equilibrar. Mas completude, precisão, e credibilidade devem ser prioritários.","Avaliação inicial durante a coleta e preparação de dados, Não existe uma estratégia formal para assegurar a qualidade dos dados durante o desenvolvimento.","Análise de métricas de performance (ex.: precisão, recall), Revisão manual dos resultados",2,"Linguagem estruturada (texto), Relatórios Periódicos","Inconsistência entre diferentes fontes de dados, Dados incompletos ou ausentes, Falta de padronização nos formatos de dados",1,Brazil,Southeast,Brazil,Senior (10+ years),Other,male,25-34,Doctorate,ensures_consistency_traceability,4,Senior (10+ years)
pt,2026-04-29 12:50:16,Aceito participar,RJ,25,5,3,5,5,3,2,3,,3,5,fonte confiavel,padrao,limpeza,explicabilidade,relaçao,"Em alguna projetos sim, nesse caso procuro fontes de dados confiaveis que tem relacao ao problema a ser resolvido. As vezes os dados que temos nao tem relacao real com o.problema, ou nao se sabe de fato qual é o problema ",4,4,5,5,4,5,4,5,4,5,5,5,5,"Acredito que todas as características são importantes,  e precisam serem.levadas para o uso industrial. Em algum nível.",4,3,3,5,3,5,3,4,4,5,3,5,4,,"Depende da criticisade do modelo, onde ele vai ser implementado e as politicas da equipe de trabalho. Muitas vezes conciliar as caracteristicas tem.uma relacao maior com o trabalho da equipe do projeto e os prazos de entrega. Ainda temos dificuldade de que  vonsiderem o estudo previo dos dados como entregavel de uma sprint pois acham que modelos sao como pasteis, feitos rapidos, com qualquer dados e tecnologia. E  resolve o mundo",Não existe uma estratégia formal para assegurar a qualidade dos dados durante o desenvolvimento.,"Análise de métricas de performance (ex.: precisão, recall)",2,"Linguagem estruturada (texto), Ferramentas de Gerenciamento de Projetos (Jira, Trello ou Asana), Documentação Centralizada (Sistemas como Confluence, Google Docs ou Notion)","Inconsistência entre diferentes fontes de dados, Dados desatualizados ou não confiáveis, Dificuldade na rastreabilidade e versionamento dos dados, Falta de ferramentas adequadas para validação da qualidade dos dados",1,Brazil,Southeast,Brazil,Full (6 to 9 years),Data Scientist,female,35-44,Doctoral student,ensures_consistency_traceability,3,Full (6 to 9 years)
pt,2026-04-29 16:50:14,Aceito participar,SP,8,5,5,5,5,5,5,3,5,3,5,coleta,fonte,banco de dados,anotaçao,mediçao,Não tenho experiência,5,4,5,5,4,3,5,5,5,4,4,3,5,,5,3,4,3,3,3,3,5,3,3,4,3,3,,"Faço muito uso de dados desequências de DNA, tais caracteristicas estão relacionadas com a plataforma que se utiliza, sendo assim tento manter sempre plataformas atualizadas ","Avaliação inicial durante a coleta e preparação de dados, Monitoramento contínuo durante todo o ciclo de vida do modelo","Análise de métricas de performance (ex.: precisão, recall)",2,"Reuniões de Alinhamento, Relatórios Periódicos","Erros introduzidos durante a coleta e processamento, Falta de ferramentas adequadas para validação da qualidade dos dados",1,Brazil,Southeast,Brazil,Full (6 to 9 years),Data Scientist,male,25-34,Doctorate,ensures_consistency_traceability,3,Full (6 to 9 years)
pt,2026-04-29 17:04:22,Aceito participar,,3,4,3,3,4,3,5,5,4,4,2,confiabilidade,rastreabilidade,relevância,consistência,sem viés,"É um processo oneroso, mas se bem feito é extremamente útil no projeto. O que acaba sendo chato são as atualizações necessárias no documento para que ele se mantenha relevante.",4,4,5,5,3,4,4,5,4,4,3,4,4,Os itens marcados como importantes não sinalizam que os modelos serão menos performáticos. Ainda é possível extrair boas métricas tendo uma base de dados que possui os itens demarcados como muito importantes.,4,4,5,5,3,4,4,5,4,4,3,4,4,,"É procurar entregar um MVP com os dados que temos. Em seguida, deixar nas mãos do negócio para decisões de onde o projeto irá.","Avaliação inicial durante a coleta e preparação de dados, Monitoramento contínuo durante todo o ciclo de vida do modelo, Não existe uma estratégia formal para assegurar a qualidade dos dados durante o desenvolvimento.","Testes A/B, Análise de métricas de performance (ex.: precisão, recall)",3,"Linguagem estruturada (texto), Documentação Centralizada (Sistemas como Confluence, Google Docs ou Notion)","Inconsistência entre diferentes fontes de dados, Dados incompletos ou ausentes, Falta de padronização nos formatos de dados, Dados desatualizados ou não confiáveis, Erros introduzidos durante a coleta e processamento, Dificuldade na rastreabilidade e versionamento dos dados, Falta de ferramentas adequadas para validação da qualidade dos dados",3,Ireland,International,Ireland,Senior (10+ years),Data Engineer,male,25-34,Specialization,ensures_consistency_traceability,4,Senior (10+ years)
en,2025-02-21 06:16:51,I agree to participate,,4,4,4,4,4,5,3,3,3,5,5,completeness,distribution,bias,volume,transferability,I usually do not focus on Req.,3,5,4,2,2,1,2,4,3,3,3,4,2,Completeness because incomplete data can minimize usefulness of the ML system derived.,4,5,3,2,2,1,1,2,1,3,2,4,2,,"If a human could not do proper desicions on data due to its flaws, then one should be careful.","Initial assessment during data collection and preparation, Test sets are applied to validate the consistency, completeness and accuracy of the data before it is used for training.",Manual review of results,3,Alignment meetings,"Lack of standardization in data formats, Errors introduced during collection and processing, Lack of adequate tools for validating data quality",1,Germany,International,Germany,Junior (up to 5 years),Other,male,18-24,Doctoral student,ensures_consistency_traceability,2,Junior (up to 5 years)
en,2025-02-21 12:17:16,I agree to participate,SP,4,5,5,4,5,5,5,4,5,5,5,normalization,outliers,anova,regression,data dependency,"Yes, I worked all the stages (Filtering, pré-processing, normalization, training, testing, etc.)",5,5,5,5,5,5,5,5,5,5,5,5,5,Because wrong data means wrong results,5,5,5,5,4,4,5,5,5,4,5,4,5,,They are very important and we must consider all of them,"Initial assessment during data collection and preparation, Continuous monitoring throughout the model's life cycle, Test sets are applied to validate the consistency, completeness and accuracy of the data before it is used for training.","A/B testing, Analysis of performance metrics (e.g. precision, recall), Manual review of results",5,"Structured language (text), Centralized documentation (systems such as Confluence, Google Docs or Notion), Alignment meetings, Periodic reports","Incomplete or missing data, Errors introduced during collection and processing",4,Brazil,Southeast,Brazil,Senior (10+ years),Data Scientist,male,45-54,Doctorate,ensures_consistency_traceability,4,Senior (10+ years)
en,2025-02-25 10:14:20,I agree to participate,,3,5,5,4,5,5,4,5,4,3,3,completitud,consitencia,relevancia,precisión,datos actuales,"He estado involucrada en definición, análisis, inplemenracion, pruebas y documentación ",4,4,5,5,5,4,5,5,4,4,3,3,4,,4,4,5,5,4,4,5,5,4,4,4,4,5,,"Detención de anomalías y valores atípicos o datos incompletos, se toma la decisión de corregir estos errores, eliminar los outliers.
Preparación y procesamiento de datos, realizando transformaciones o codificación de datos para garantizar la completitud y la consistencia","Initial assessment during data collection and preparation, Continuous monitoring throughout the model's life cycle, Test sets are applied to validate the consistency, completeness and accuracy of the data before it is used for training.","Analysis of performance metrics (e.g. precision, recall)",4,"Project management tools (Jira, Trello or Asana), Alignment meetings, Periodic reports","Inconsistency between different data sources, Incomplete or missing data, Lack of standardization in data formats, Difficulty in data traceability and versioning",2,Colombia,International,Colombia,Senior (10+ years),Data Engineer,female,25-34,Master's student,ensures_consistency_traceability,4,Senior (10+ years)
en,2025-02-26 09:15:35,I agree to participate,RJ,6,3,3,3,3,3,3,3,2,5,4,completeness,integrity,accuracy,reliability,traceability,"I have expirience on design and developing GenAI soluctions. I Had this kind of expirience on developing chatbot, Diagnóstico Assistant, class planninh generator and text-tosql",5,4,5,5,5,5,5,5,4,4,5,5,3,,4,4,4,5,4,4,4,5,4,4,4,3,3,,I have never handled with this issue,Initial assessment during data collection and preparation,"Analysis of performance metrics (e.g. precision, recall)",3,"Project management tools (Jira, Trello or Asana), Confluence","Inconsistency between different data sources, Incomplete or missing data, Lack of standardization in data formats, Difficulty in data traceability and versioning, Lack of adequate tools for validating data quality",1,Brazil,Southeast,Brazil,Junior (up to 5 years),ML Engineer,male,25-34,Specialization,ensures_consistency_traceability,2,Junior (up to 5 years)
en,2025-02-26 10:33:26,I agree to participate,,8,5,4,4,3,3,2,2,1,3,4,missing,standartise,volume,subjectivity,outliers,"defining, adjusting requirements along with the changes in the understanding of the project, new requirements from stakeholders, impossibility to fulfill some requirements in accordance with technology state",5,5,4,5,4,4,4,4,4,3,3,4,3,incompleteness of data may significantly bias the model. Highly depend  on the project. ,5,5,4,5,4,3,3,3,4,3,3,4,3,,"Based on the scale of the project, mostly focused on accuracy and utilising cloud solutions for computational efficiency. Made peace with the fact that black box algorithms exist and not everything could be explained","Initial assessment during data collection and preparation, Test sets are applied to validate the consistency, completeness and accuracy of the data before it is used for training.","A/B testing, Analysis of performance metrics (e.g. precision, recall), Manual review of results",2,"Structured language (text), Project management tools (Jira, Trello or Asana)","Inconsistency between different data sources, Incomplete or missing data, Lack of standardization in data formats, Lack of adequate tools for validating data quality",1,Germany,International,Germany,Junior (up to 5 years),Developer,female,25-34,Master,ensures_consistency_traceability,2,Junior (up to 5 years)
en,2025-02-28 10:50:45,I agree to participate,,2,5,5,5,5,5,5,5,3,5,5,null,,data analysis,plotting,distribution,"No, zero experience",5,4,5,5,3,3,4,5,5,4,4,5,5,,5,4,4,5,3,3,5,4,5,4,4,5,5,,"It depends, each case is different","Initial assessment during data collection and preparation, Continuous monitoring throughout the model's life cycle",A/B testing,2,Alignment meetings,"Errors introduced during collection and processing, Lack of adequate tools for validating data quality",2,Brazil,,Brazil,Junior (up to 5 years),Data Scientist,male,35-44,Specialization,no_experience,2,Junior (up to 5 years)
en,2025-03-04 08:25:51,I agree to participate,,5,3,4,4,3,4,3,1,1,4,4,inconsistency,null data,incompleteness,old data (dont represent the current phenomenon),data streaming,"As a product owner I often participate in workshops, interviews to gather requirements with business analysts and other stakeholders  ",4,5,4,4,5,4,4,4,4,4,4,5,3,,3,5,4,4,5,4,4,4,4,4,4,5,4,,"To be honest I dont look at computacional efficiency and Im not sure if the data scientists of my team do this. Typically, we dont negotiate these attributes. We simply work on the data we have available. ",Initial assessment during data collection and preparation,"Analysis of performance metrics (e.g. precision, recall), data exploration analysis before training models",3,"Structured language (text), Alignment meetings","Incomplete or missing data, Outdated or unreliable data, Lack of adequate tools for validating data quality",2,Germany,International,Germany,Junior (up to 5 years),Product owner,male,25-34,Doctoral student,eliminates_documentation_need,2,Junior (up to 5 years)
en,2025-03-07 06:30:55,I agree to participate,,4,4,4,2,3,4,4,2,2,4,5,enough data,complete data,real data,format,no duplication,"Requirements? Oh yeah, definitely. I've been in the trenches with that. Defining, analyzing, documenting – all of it. It's usually a mix of trying to figure out what people really need, and then wrangling that into something usable. Some projects are smooth, some are...less so. But it's always interesting, and crucial to getting things right.",4,4,3,4,4,3,3,3,3,4,4,4,3,,4,4,3,3,3,3,3,3,4,3,4,4,3,," It's a trade-off. Accuracy vs. speed, mostly. For medical, accuracy wins. For real-time, speed. We try to keep things understandable, but project goals dictate the balance.",There is no formal strategy for ensuring data quality during development.,"Analysis of performance metrics (e.g. precision, recall)",4,Alignment meetings,"Inconsistency between different data sources, Lack of standardization in data formats",1,France,International,France,Junior (up to 5 years),Data Scientist,male,25-34,Doctoral student,ensures_consistency_traceability,2,Junior (up to 5 years)
en,2025-03-10 06:35:41,I agree to participate,,5,5,5,3,2,,4,4,4,4,5,noise,clarity,organisation,read_me,credibility,"I'm from a mecatronic/mechanical background all the projetcs that I was involved were related to engineering, in my experience work with engineering projects don't constitute a problem.",4,4,4,5,3,5,3,3,3,4,4,3,3,,5,3,4,4,3,3,3,4,3,3,4,2,3,,"In the early stages of development, the most important factor is achieving high accuracy, even if the code is not optimized or easy to understand. Some optimizations can be performed early on to speed up computations, but only if they don't consume a large portion of the available development time. In the final stages of development, meetings can be scheduled to discuss comprehensibility and determine how improvements will be implemented","Initial assessment during data collection and preparation, Test sets are applied to validate the consistency, completeness and accuracy of the data before it is used for training.","A/B testing, Analysis of performance metrics (e.g. precision, recall)",3,"Structured language (text), Alignment meetings","Incomplete or missing data, Outdated or unreliable data",3,France,International,France,Junior (up to 5 years),Data Scientist,male,25-34,Doctoral student,ensures_consistency_traceability,2,Junior (up to 5 years)
en,2026-04-27 22:54:11,I agree to participate,,2,2,3,2,2,1,3,3,3,3,3,integrity,symmetry,sanitize,signal,provenance,,4,5,3,3,3,5,3,4,3,4,4,4,3,,4,3,3,3,3,3,3,4,3,3,3,4,3,,"I don't know, really not familiar with this area.",Continuous monitoring throughout the model's life cycle,"Analysis of performance metrics (e.g. precision, recall), Manual review of results",4,No experience,"Errors introduced during collection and processing, Lack of adequate tools for validating data quality",3,United States,International,United States,Junior (up to 5 years),Developer,male,25-34,Doctoral student,ensures_consistency_traceability,2,Junior (up to 5 years)
en,2026-04-28 10:43:39,I agree to participate,,3,4,4,4,2,3,3,,,3,5,important,outliers,dataleakage,training,approximation,no,4,5,4,3,3,5,2,5,2,5,4,5,3,"you expalined acc. but in rating scale you ask for prec.
i ranked them as important as they are needed for the reproducibility of the results, whcih is important to have cumulative knowlede.",3,4,5,4,4,5,3,5,1,4,2,5,4,,"the availibility and similar of data was more important than the efficiency, thats then a later prolem and task for implementing efficient dataloaders, but without the date next steps are obsolete",Initial assessment during data collection and preparation,Manual review of results,1,Only solo projects,"Inconsistency between different data sources, Incomplete or missing data",0,Germany,International,Germany,Trainee,Developer,male,18-24,Master's student,ensures_consistency_traceability,1,Trainee
en,2026-04-28 21:11:24,I agree to participate,,15,4,4,4,4,3,5,5,3,3,5,qualified (in target area algorithms),abundant ( give space for later filtering),formatted (to open sourced data like opendrive),scale (as much as for basic algorithm verification),cheap ( price depends on datasets),It is a auto parking project which we aims on parking perception tasks.,5,5,3,4,2,4,4,4,3,4,1,5,3,Industrial engineering consider things differently,5,5,2,3,2,5,2,1,4,4,2,3,2,,"What everyone cares is the training result, as a mature engineer it should be essential to make system work then consider other priorities ","Initial assessment during data collection and preparation, Continuous monitoring throughout the model's life cycle, Test sets are applied to validate the consistency, completeness and accuracy of the data before it is used for training.","Analysis of performance metrics (e.g. precision, recall)",5,"Project management tools (Jira, Trello or Asana)","Inconsistency between different data sources, Incomplete or missing data, Errors introduced during collection and processing",2,China,International,China,Full (6 to 9 years),DevOps Engineer,male,25-34,Undergraduate,eliminates_documentation_need,3,Full (6 to 9 years)
en,2026-04-29 09:21:08,I agree to participate,,3,3,4,4,2,3,3,3,2,4,5,reliablity,completeness,comprehensiblity,compliance,incorrect labels,"i wrote lightweight requirements briefling touching on behaviour (including constraints), features",5,5,4,5,5,5,3,4,4,3,4,5,5,,5,5,3,5,4,5,2,3,1,2,5,5,3,,"For me, balancing data quality characteristics fundamentally depends on the required metrics of the ML model being built and the domain of the data. 

If precision is the utmost priority,  for instance in a high-stakes classification task , I would favor data accuracy, credibility, and timeliness over attributes like computational efficiency. 

On the other hand, in a task like text classification where introducing false positives haves little harm, precision in the data becomes less critical, and I will instead prioritize completeness, accessibility, and traceability. 
An example from my research is my work on design discussion detection using transformer models, where the scarcity of labeled data and high annotation costs meant I had to prioritize data completeness and accessibility — accepting a reduced but well-curated dataset — over having a perfectly precise, fully annotated corpus. So basically, the ML model's target metrics and the risk profile of its errors should always drive which data quality characteristics you optimize for.","Initial assessment during data collection and preparation, There is no formal strategy for ensuring data quality during development.","Analysis of performance metrics (e.g. precision, recall), Manual review of results",4,Structured language (text),"Inconsistency between different data sources, Lack of standardization in data formats, Outdated or unreliable data",2,United States,International,United States,Junior (up to 5 years),Developer,male,25-34,Doctoral student,ensures_consistency_traceability,2,Junior (up to 5 years)
en,2026-04-29 21:53:27,I agree to participate,,7,4,4,4,4,3,4,4,5,4,4,business,visualisation,cleaning,eda,outlier,Customer Churn Modeling in Card products. Talking to the business stakeholders to understand the definition of the churn for the business,2,4,4,4,3,4,5,5,3,3,4,4,2,,4,5,4,5,3,3,5,4,3,3,3,4,3,,It really depends on the business requirements and the problem that we are solving,"Initial assessment during data collection and preparation, Continuous monitoring throughout the model's life cycle","Analysis of performance metrics (e.g. precision, recall), Manual review of results",4,"Centralized documentation (systems such as Confluence, Google Docs or Notion), Alignment meetings, Periodic reports","Inconsistency between different data sources, Incomplete or missing data, Errors introduced during collection and processing",3,United States,International,United States,Full (6 to 9 years),Data Scientist,male,25-34,Doctoral student,ensures_consistency_traceability,3,Full (6 to 9 years)
en,2026-04-29 22:00:11,I agree to participate,,2,5,5,5,3,4,3,4,3,5,5,completeness,reliability,variance,volume,accuracy,,5,5,4,5,3,4,5,5,4,5,4,5,4,,5,5,4,5,3,4,5,5,4,5,5,5,5,,"In Finance, the focus was often on speed and precision. In Healthcare, the focus is more on explainability and safety.","Continuous monitoring throughout the model's life cycle, Test sets are applied to validate the consistency, completeness and accuracy of the data before it is used for training.","Analysis of performance metrics (e.g. precision, recall)",4,"Project management tools (Jira, Trello or Asana), Alignment meetings","Inconsistency between different data sources, Incomplete or missing data, Lack of standardization in data formats, Errors introduced during collection and processing",2,United States,International,United States,Junior (up to 5 years),Data Engineer,male,25-34,Master,ensures_consistency_traceability,2,Junior (up to 5 years)
en,2026-04-29 23:06:14,I agree to participate,,6,4,3,4,5,3,3,5,3,3,5,consistency,representativeness,completeness,standardization,balance,"As a tech lead, I have been directly involved in defining, analyzing, and documenting requirements. This process usually involves coordinating with stakeholders (POs, CPO, etc) to understand business needs, define expectations, and translate those requirements into technical specifications and tasks.",5,4,5,4,2,2,5,5,4,2,3,4,3,,5,4,5,4,3,4,5,5,4,4,3,4,4,,"I balance them according to the desired goals and the systems constraints. For example, in IoT or real-time systems, I would prioritize efficiency. In contrast, in critical systems, I would prioritize accuracy and reliability. The decision depends on how the model will be used in practice.","Initial assessment during data collection and preparation, Continuous monitoring throughout the model's life cycle, Test sets are applied to validate the consistency, completeness and accuracy of the data before it is used for training.","Analysis of performance metrics (e.g. precision, recall), Manual review of results",3,"Alignment meetings, Periodic reports","Inconsistency between different data sources, Lack of standardization in data formats, Outdated or unreliable data",3,United States,International,United States,Full (6 to 9 years),Tech manager,male,25-34,Doctoral student,ensures_consistency_traceability,3,Full (6 to 9 years)
en,2026-04-30 08:32:25,I agree to participate,RJ,5,5,5,5,5,4,4,5,4,5,5,limpeza,padronização,normalização,validação,consistência,"Minha atuação na área de ER sempre esteve restrita a pressupostos metodológicos, atuando mais como um usuário de documentação de requisitos do que alguém atuante na definição dos mesmos (com exceção dos casos pontuais nos quais foi necessária uma intervenção da minha parte para corrigir um equívoco da documentação ou concluir pela inexequibilidade do requisito para um projeto).",5,5,4,5,5,4,3,5,5,4,5,4,5,,5,5,5,5,5,5,1,5,5,4,5,5,5,,"Em específico para essas características definidas no enunciado, é fácil equilibrá-las, já que não existe competitividade entre elas. Contudo, entendo que, uma vez que a precisão dos dados tenha sido alcançada e que a compreensão a respeito deles tenha sido garantida (seja pela clareza da documentação, compreensão da equipe de desenvolvimento ou pela presença de um ""especialista de domínio""), o ponto crítico é a eficiência, que deve ser garantida tanto pelo tratamento dos dados quanto pela infraestrutura utilizada para o processamento: 1) é preciso que os dados sejam otimizados para o processamento (recentemente, consegui tonar um projeto exequível passando os dados do formato separado por vírgulas -- csv -- para o formato apache parquet, geralmente utilizado em projetos de Big Data e, assim, o tornei mais eficiente, passando-o de 8gb para 800mb); 2) contudo, para tudo há um limite e, por vezes, é necessário decidir se não seria estratégico realizar um upgrade vertical ou horizontal da infraestrutura física utilizada, opções essas dentre as quais o último caso (scale-out) costuma apresentar resultados melhores, por se tratar de um processamento distribuído. ","Initial assessment during data collection and preparation, Continuous monitoring throughout the model's life cycle, Test sets are applied to validate the consistency, completeness and accuracy of the data before it is used for training.","A/B testing, Analysis of performance metrics (e.g. precision, recall), Manual review of results",3,"Structured language (text), Project management tools (Jira, Trello or Asana), Alignment meetings, Periodic reports","Incomplete or missing data, Outdated or unreliable data, Errors introduced during collection and processing, Difficulty in data traceability and versioning",2,Brazil,Southeast,Brazil,Full (6 to 9 years),Data Scientist,male,25-34,Specialization,ensures_consistency_traceability,3,Full (6 to 9 years)
en,2026-04-30 08:48:28,I agree to participate,RJ,2,2,2,1,1,1,1,2,1,2,2,nullity,normalization,multicollinearity,distinction,quantity,I've only made very small personal projects so i basically did little to no requirements engineering.,5,4,5,5,4,4,3,5,4,4,5,5,5,,5,4,5,5,3,4,2,5,4,3,4,4,3,,"In one of my latest machine learning projects using an adult income dataset, I chose a logistic regression model, a decision that prioritized an interpretable and reproducible architecture over more complex models. Furthermore, to reconcile computational efficiency with predictive power, I created a new atribute (capital-net) by consolidanting both capital gain and loss, simplifying the input matrix while retaining essential data.",Initial assessment during data collection and preparation,"Analysis of performance metrics (e.g. precision, recall)",2,Structured language (text),"Incomplete or missing data, Lack of standardization in data formats, Outdated or unreliable data",0,Brazil,Southeast,Brazil,Trainee,Developer,male,18-24,High School,ensures_consistency_traceability,1,Trainee
en,2026-04-30 09:26:40,I agree to participate,,3,5,5,5,4,4,4,5,3,5,5,foundation,accuracy,consistency,completeness,reliability,"I do this very little and in a more incremental way. At work, we usually get ahead of client requests, so we bring prototypes to gather feedback. From there, we keep improving the project and adapting the requirements in practice.",5,4,5,5,4,3,5,5,4,4,4,3,4,,5,3,5,4,3,2,5,4,4,5,3,3,4,,"Balancing data quality in real-world machine learning projects is essentially a constant game of trade-offs, as you can rarely optimize for everything at once. For instance, highly accurate models demand massive amounts of computing power, so you often have to settle for a slightly less precise but much faster model just to make it practical to run in production. Similarly, while neatly organized and highly structured databases are great for developers to read and understand, they are notoriously slow for training, meaning we usually end up flattening the data into ugly, denormalized tables so the algorithms can ingest them efficiently. Even when building the dataset itself, trying to keep every single messy record just to maximize completeness usually introduces too much noise, making it far better to simply throw out the bad data and accept a smaller dataset in exchange for a much more accurate and reliable model.","Continuous monitoring throughout the model's life cycle, Test sets are applied to validate the consistency, completeness and accuracy of the data before it is used for training.","A/B testing, Analysis of performance metrics (e.g. precision, recall), Manual review of results",3,"Project management tools (Jira, Trello or Asana)","Inconsistency between different data sources, Outdated or unreliable data",3,Brazil,,Brazil,Junior (up to 5 years),Developer,male,18-24,Master's student,ensures_consistency_traceability,2,Junior (up to 5 years)
